Workbook
Name Slicer_Month: #N/A
Name Slicer_Product: #N/A
Name Slicer_Region: #N/A
Name Slicer_Salesperson: #N/A

Sheet Sales Data
A1: Date | B1: Region | C1: Product | D1: Salesperson | E1: Units | F1: UnitPrice | G1: Revenue | H1: Month | I1: MonthLabel
A2: 45658 | B2: North | C2: Monitor | D2: Vikram Rao | E2: 4 | F2: 11667 | G2: 46668 | H2: 2025-01 | I2: Jan-25
A3: 45658 | B3: North | C3: Monitor | D3: Priya Singh | E3: 10 | F3: 11906 | G3: 119060 | H3: 2025-01 | I3: Jan-25
A4: 45659 | B4: North | C4: Smartphone | D4: Sneha Gupta | E4: 9 | F4: 22224 | G4: 200016 | H4: 2025-01 | I4: Jan-25
A5: 45659 | B5: South | C5: Monitor | D5: Karan Mehta | E5: 4 | F5: 11939 | G5: 47756 | H5: 2025-01 | I5: Jan-25
A6: 45660 | B6: North | C6: Smartphone | D6: Karan Mehta | E6: 6 | F6: 21511 | G6: 129066 | H6: 2025-01 | I6: Jan-25
A7: 45660 | B7: South | C7: Tablet | D7: Priya Singh | E7: 2 | F7: 17783 | G7: 35566 | H7: 2025-01 | I7: Jan-25
A8: 45660 | B8: East | C8: Tablet | D8: Vikram Rao | E8: 1 | F8: 18413 | G8: 18413 | H8: 2025-01 | I8: Jan-25
A9: 45660 | B9: North | C9: Headphones | D9: Priya Singh | E9: 9 | F9: 3427 | G9: 30843 | H9: 2025-01 | I9: Jan-25
A10: 45661 | B10: East | C10: Smartwatch | D10: Sneha Gupta | E10: 2 | F10: 7636 | G10: 15272 | H10: 2025-01 | I10: Jan-25
A11: 45661 | B11: South | C11: Tablet | D11: Priya Singh | E11: 4 | F11: 18659 | G11: 74636 | H11: 2025-01 | I11: Jan-25
A12: 45661 | B12: West | C12: Tablet | D12: Divya Nair | E12: 6 | F12: 17392 | G12: 104352 | H12: 2025-01 | I12: Jan-25
A13: 45661 | B13: East | C13: Smartphone | D13: Vikram Rao | E13: 2 | F13: 22240 | G13: 44480 | H13: 2025-01 | I13: Jan-25
... A1498: 46022 | B1498: North | C1498: Monitor | D1498: Priya Singh | E1498: 8 | F1498: 11757 | G1498: 94056 | H1498: 2025-12 | I1498: Dec-25

Sheet Dashboard
A1: SALES PERFORMANCE DASHBOARD — FY 2025
A4: Total Revenue | D4: Total Units Sold | G4: Total Transactions | J4: Avg Order Value
A5: =SUM('Sales Data'!G2:G1498) -> 160973198 | D5: =SUM('Sales Data'!E2:E1498) -> 8382 | G5: =COUNTA('Sales Data'!A2:A1498) -> 1497 | J5: =SUM('Sales Data'!G2:G1498)/COUNTA('Sales Data'!A2:A1498) -> 107530.53
A8: Revenue by Region | D8: Revenue by Product | G8: Revenue by Salesperson | J8: Revenue by Month
A9: Region | B9: Revenue | D9: Product | E9: Revenue | G9: Salesperson | H9: Revenue | J9: Month | K9: Revenue
A10: East | B10: =SUMIFS('Sales Data'!$G$2:$G$1498,'Sales Data'!$B$2:$B$1498,A10) -> 35602461 | D10: Headphones | E10: =SUMIFS('Sales Data'!$G$2:$G$1498,'Sales Data'!$C$2:$C$1498,D10) -> 4838043 | G10: Amit Sharma | H10: =SUMIFS('Sales Data'!$G$2:$G$1498,'Sales Data'!$D$2:$D$1498,G10) -> 17924875 | J10: Jan-25 | K10: =SUMIFS('Sales Data'!$G$2:$G$1498,'Sales Data'!$H$2:$H$1498,"2025-01") -> 15034306
A11: North | B11: =SUMIFS('Sales Data'!$G$2:$G$1498,'Sales Data'!$B$2:$B$1498,A11) -> 39614277 | D11: Laptop | E11: =SUMIFS('Sales Data'!$G$2:$G$1498,'Sales Data'!$C$2:$C$1498,D11) -> 71613670 | G11: Ananya Iyer | H11: =SUMIFS('Sales Data'!$G$2:$G$1498,'Sales Data'!$D$2:$D$1498,G11) -> 17304614 | J11: Feb-25 | K11: =SUMIFS('Sales Data'!$G$2:$G$1498,'Sales Data'!$H$2:$H$1498,"2025-02") -> 12668150
A12: South | B12: =SUMIFS('Sales Data'!$G$2:$G$1498,'Sales Data'!$B$2:$B$1498,A12) -> 40131457 | D12: Monitor | E12: =SUMIFS('Sales Data'!$G$2:$G$1498,'Sales Data'!$C$2:$C$1498,D12) -> 18164906 | G12: Divya Nair | H12: =SUMIFS('Sales Data'!$G$2:$G$1498,'Sales Data'!$D$2:$D$1498,G12) -> 21983717 | J12: Mar-25 | K12: =SUMIFS('Sales Data'!$G$2:$G$1498,'Sales Data'!$H$2:$H$1498,"2025-03") -> 12469176
A13: West | B13: =SUMIFS('Sales Data'!$G$2:$G$1498,'Sales Data'!$B$2:$B$1498,A13) -> 45625003 | D13: Smartphone | E13: =SUMIFS('Sales Data'!$G$2:$G$1498,'Sales Data'!$C$2:$C$1498,D13) -> 30763378 | G13: Karan Mehta | H13: =SUMIFS('Sales Data'!$G$2:$G$1498,'Sales Data'!$D$2:$D$1498,G13) -> 19879609 | J13: Apr-25 | K13: =SUMIFS('Sales Data'!$G$2:$G$1498,'Sales Data'!$H$2:$H$1498,"2025-04") -> 13640458
D14: Smartwatch | E14: =SUMIFS('Sales Data'!$G$2:$G$1498,'Sales Data'!$C$2:$C$1498,D14) -> 11605584 | G14: Priya Singh | H14: =SUMIFS('Sales Data'!$G$2:$G$1498,'Sales Data'!$D$2:$D$1498,G14) -> 18037441 | J14: May-25 | K14: =SUMIFS('Sales Data'!$G$2:$G$1498,'Sales Data'!$H$2:$H$1498,"2025-05") -> 12557675
D15: Tablet | E15: =SUMIFS('Sales Data'!$G$2:$G$1498,'Sales Data'!$C$2:$C$1498,D15) -> 23987617 | G15: Rahul Verma | H15: =SUMIFS('Sales Data'!$G$2:$G$1498,'Sales Data'!$D$2:$D$1498,G15) -> 16592380 | J15: Jun-25 | K15: =SUMIFS('Sales Data'!$G$2:$G$1498,'Sales Data'!$H$2:$H$1498,"2025-06") -> 13314351
G16: Sneha Gupta | H16: =SUMIFS('Sales Data'!$G$2:$G$1498,'Sales Data'!$D$2:$D$1498,G16) -> 24026391 | J16: Jul-25 | K16: =SUMIFS('Sales Data'!$G$2:$G$1498,'Sales Data'!$H$2:$H$1498,"2025-07") -> 11858253
G17: Vikram Rao | H17: =SUMIFS('Sales Data'!$G$2:$G$1498,'Sales Data'!$D$2:$D$1498,G17) -> 25224171 | J17: Aug-25 | K17: =SUMIFS('Sales Data'!$G$2:$G$1498,'Sales Data'!$H$2:$H$1498,"2025-08") -> 14753190
J18: Sep-25 | K18: =SUMIFS('Sales Data'!$G$2:$G$1498,'Sales Data'!$H$2:$H$1498,"2025-09") -> 13974042
J19: Oct-25 | K19: =SUMIFS('Sales Data'!$G$2:$G$1498,'Sales Data'!$H$2:$H$1498,"2025-10") -> 13698773
J20: Nov-25 | K20: =SUMIFS('Sales Data'!$G$2:$G$1498,'Sales Data'!$H$2:$H$1498,"2025-11") -> 13067784
J21: Dec-25 | K21: =SUMIFS('Sales Data'!$G$2:$G$1498,'Sales Data'!$H$2:$H$1498,"2025-12") -> 13937040

Sheet Pivot & Slicer
A3: Row Labels | B3: Sum of Revenue
A4: Headphones | B4: 4838043
A5: Laptop | B5: 71613670
A6: Monitor | B6: 18164906
A7: Smartphone | B7: 30763378
A8: Smartwatch | B8: 11605584
A9: Tablet | B9: 23987617
A10: Grand Total | B10: 160973198
